,AUC,Accuracy
Baseline,0.686897880539499,0.8522167487684729
Boruta,0.6622350674373796,0.8374384236453202
SelectKBest,0.6360308285163777,0.8275862068965517
ReliefF,0.6727360308285164,0.8522167487684729
