{
    "Baseline": {
        "AUC": 0.686897880539499,
        "Accuracy": 0.8522167487684729
    },
    "Boruta": {
        "AUC": 0.6622350674373796,
        "Accuracy": 0.8374384236453202
    },
    "SelectKBest": {
        "AUC": 0.6360308285163777,
        "Accuracy": 0.8275862068965517
    },
    "ReliefF": {
        "AUC": 0.6727360308285164,
        "Accuracy": 0.8522167487684729
    }
}